﻿<?xml version="1.0" encoding="utf-8" ?>
<c2eventsheet>
    <!--All the 'name' attributes are ignored by Construct 2 - they are there for readability only.-->
    <name>Event sheet 1</name>
    <events>
        <variable constant="0" name="ShowSteps" sid="702853495265287" static="0" type="number">0</variable>
        <variable constant="0" name="MadeSteps" sid="589335881859444" static="0" type="number">0</variable>
        <variable constant="0" name="Steps" sid="513722703163359" static="0" type="number">0</variable>
        <event-block sid="366607537198502">
            <conditions>
                <condition id="0" name="On clicked" sid="208444953738416" type="Start" />
            </conditions>
            <actions>
                <action id="-9" name="Set value" sid="670358852506621" type="System">
                    <param id="0" name="Variable">Steps</param>
                    <param id="1" name="Value">1</param>
                </action>
                <action id="0" name="Set text" sid="910229254863136" type="Text1">
                    <param id="0" name="Text">Steps</param>
                </action>
                <action id="-9" name="Set value" sid="974640799946393" type="System">
                    <param id="0" name="Variable">ShowSteps</param>
                    <param id="1" name="Value">Steps</param>
                </action>
                <action id="0" name="Set text" sid="558065761743718" type="Text">
                    <param id="0" name="Text">&quot;&quot;</param>
                </action>
                <action id="1" name="Set size" sid="207545836464363" type="GameArray">
                    <param id="0" name="Width">0</param>
                    <param id="1" name="Height">1</param>
                    <param id="2" name="Depth">1</param>
                </action>
                <action id="1" name="Set size" sid="910584310832350" type="UserArray">
                    <param id="0" name="Width">0</param>
                    <param id="1" name="Height">1</param>
                    <param id="2" name="Depth">1</param>
                </action>
                <action id="5" name="Push" sid="478561790822955" type="GameArray">
                    <param id="0" name="Where">0</param>
                    <param id="1" name="Value">floor(random(4))</param>
                    <param id="2" name="Axis">0</param>
                </action>
            </actions>
            <sub-events>
                <event-block sid="326286161351286">
                    <conditions>
                        <condition id="3" name="For each element" sid="907700269050005" type="GameArray">
                            <param id="0" name="Axes">2</param>
                        </condition>
                    </conditions>
                    <actions>
                        <action id="5" name="Push" sid="372543823935124" type="ShowArray">
                            <param id="0" name="Where">0</param>
                            <param id="1" name="Value">GameArray.CurValue</param>
                            <param id="2" name="Axis">0</param>
                        </action>
                    </actions>
                </event-block>
            </sub-events>
        </event-block>
        <event-block sid="370742213222865">
            <conditions>
                <condition id="-14" name="Compare variable" sid="940186755028617" type="System">
                    <param id="0" name="Variable">ShowSteps</param>
                    <param id="1" name="Comparison">4</param>
                    <param id="2" name="Value">0</param>
                </condition>
            </conditions>
            <actions />
            <sub-events>
                <event-block sid="863522529782029">
                    <conditions>
                        <condition id="3" name="For each element" sid="491408592814238" type="ShowArray">
                            <param id="0" name="Axes">2</param>
                        </condition>
                        <condition id="-6" name="Every X seconds" sid="505958604922016" type="System">
                            <param id="0" name="Interval (seconds)">1.0</param>
                        </condition>
                    </conditions>
                    <actions />
                    <sub-events>
                        <event-block sid="807692964410640">
                            <conditions>
                                <condition id="4" name="Compare current value" sid="169339053829499" type="ShowArray">
                                    <param id="0" name="Comparison">0</param>
                                    <param id="1" name="Value">0</param>
                                </condition>
                            </conditions>
                            <actions>
                                <action id="4" name="Set animation" sid="650459630974978" type="Green">
                                    <param id="0" name="Animation">&quot;Default&quot;</param>
                                    <param id="1" name="From">1</param>
                                </action>
                                <action id="-16" name="Wait" sid="492604859373059" type="System">
                                    <param id="0" name="Seconds">1.0</param>
                                </action>
                                <action id="9" name="Delete" sid="216084866543177" type="ShowArray">
                                    <param id="0" name="Index">0</param>
                                    <param id="1" name="Axis">0</param>
                                </action>
                                <action id="-9" name="Set value" sid="770572240552066" type="System">
                                    <param id="0" name="Variable">ShowSteps</param>
                                    <param id="1" name="Value">ShowSteps-1</param>
                                </action>
                            </actions>
                        </event-block>
                        <event-block sid="582234258206057">
                            <conditions>
                                <condition id="4" name="Compare current value" sid="830193878238857" type="ShowArray">
                                    <param id="0" name="Comparison">0</param>
                                    <param id="1" name="Value">1</param>
                                </condition>
                            </conditions>
                            <actions>
                                <action id="4" name="Set animation" sid="506138817715620" type="Red">
                                    <param id="0" name="Animation">&quot;Default&quot;</param>
                                    <param id="1" name="From">1</param>
                                </action>
                                <action id="-16" name="Wait" sid="517119354858340" type="System">
                                    <param id="0" name="Seconds">1.0</param>
                                </action>
                                <action id="9" name="Delete" sid="165125445697386" type="ShowArray">
                                    <param id="0" name="Index">0</param>
                                    <param id="1" name="Axis">0</param>
                                </action>
                                <action id="-9" name="Set value" sid="864568690260976" type="System">
                                    <param id="0" name="Variable">ShowSteps</param>
                                    <param id="1" name="Value">ShowSteps-1</param>
                                </action>
                            </actions>
                        </event-block>
                        <event-block sid="697318885869840">
                            <conditions>
                                <condition id="4" name="Compare current value" sid="446348528583260" type="ShowArray">
                                    <param id="0" name="Comparison">0</param>
                                    <param id="1" name="Value">2</param>
                                </condition>
                            </conditions>
                            <actions>
                                <action id="4" name="Set animation" sid="842176963005945" type="Blue">
                                    <param id="0" name="Animation">&quot;Default&quot;</param>
                                    <param id="1" name="From">1</param>
                                </action>
                                <action id="-16" name="Wait" sid="486050473939841" type="System">
                                    <param id="0" name="Seconds">1.0</param>
                                </action>
                                <action id="9" name="Delete" sid="856795443123359" type="ShowArray">
                                    <param id="0" name="Index">0</param>
                                    <param id="1" name="Axis">0</param>
                                </action>
                                <action id="-9" name="Set value" sid="637727269767990" type="System">
                                    <param id="0" name="Variable">ShowSteps</param>
                                    <param id="1" name="Value">ShowSteps-1</param>
                                </action>
                            </actions>
                        </event-block>
                        <event-block sid="574950988552467">
                            <conditions>
                                <condition id="4" name="Compare current value" sid="187651946201849" type="ShowArray">
                                    <param id="0" name="Comparison">0</param>
                                    <param id="1" name="Value">3</param>
                                </condition>
                            </conditions>
                            <actions>
                                <action id="4" name="Set animation" sid="710492797195451" type="Yellow">
                                    <param id="0" name="Animation">&quot;Default&quot;</param>
                                    <param id="1" name="From">1</param>
                                </action>
                                <action id="-16" name="Wait" sid="872103212751842" type="System">
                                    <param id="0" name="Seconds">1.0</param>
                                </action>
                                <action id="9" name="Delete" sid="720752594723417" type="ShowArray">
                                    <param id="0" name="Index">0</param>
                                    <param id="1" name="Axis">0</param>
                                </action>
                                <action id="-9" name="Set value" sid="451048351879855" type="System">
                                    <param id="0" name="Variable">ShowSteps</param>
                                    <param id="1" name="Value">ShowSteps-1</param>
                                </action>
                            </actions>
                        </event-block>
                    </sub-events>
                </event-block>
            </sub-events>
        </event-block>
        <event-block sid="267117118842200">
            <conditions>
                <condition id="-14" name="Compare variable" sid="376768331434241" type="System">
                    <param id="0" name="Variable">MadeSteps</param>
                    <param id="1" name="Comparison">2</param>
                    <param id="2" name="Value">Steps</param>
                </condition>
            </conditions>
            <actions />
            <sub-events>
                <event-block sid="152928904654063">
                    <conditions>
                        <condition id="17" name="On tap object" sid="458723715002869" type="Touch">
                            <param id="0" name="Object">Green</param>
                        </condition>
                    </conditions>
                    <actions>
                        <action id="5" name="Push" sid="382260070653809" type="UserArray">
                            <param id="0" name="Where">0</param>
                            <param id="1" name="Value">0</param>
                            <param id="2" name="Axis">0</param>
                        </action>
                        <action id="-9" name="Set value" sid="288798568316489" type="System">
                            <param id="0" name="Variable">MadeSteps</param>
                            <param id="1" name="Value">MadeSteps+1</param>
                        </action>
                        <action id="4" name="Set animation" sid="387357068062876" type="Green">
                            <param id="0" name="Animation">&quot;Default&quot;</param>
                            <param id="1" name="From">1</param>
                        </action>
                    </actions>
                </event-block>
                <event-block sid="712218712544491">
                    <conditions>
                        <condition id="17" name="On tap object" sid="225667283780775" type="Touch">
                            <param id="0" name="Object">Red</param>
                        </condition>
                    </conditions>
                    <actions>
                        <action id="5" name="Push" sid="310558146397316" type="UserArray">
                            <param id="0" name="Where">0</param>
                            <param id="1" name="Value">1</param>
                            <param id="2" name="Axis">0</param>
                        </action>
                        <action id="-9" name="Set value" sid="606007022038807" type="System">
                            <param id="0" name="Variable">MadeSteps</param>
                            <param id="1" name="Value">MadeSteps+1</param>
                        </action>
                        <action id="4" name="Set animation" sid="730400468409919" type="Red">
                            <param id="0" name="Animation">&quot;Default&quot;</param>
                            <param id="1" name="From">1</param>
                        </action>
                    </actions>
                </event-block>
                <event-block sid="246101755175306">
                    <conditions>
                        <condition id="17" name="On tap object" sid="540061051207399" type="Touch">
                            <param id="0" name="Object">Blue</param>
                        </condition>
                    </conditions>
                    <actions>
                        <action id="5" name="Push" sid="347582688211693" type="UserArray">
                            <param id="0" name="Where">0</param>
                            <param id="1" name="Value">2</param>
                            <param id="2" name="Axis">0</param>
                        </action>
                        <action id="-9" name="Set value" sid="235932386380495" type="System">
                            <param id="0" name="Variable">MadeSteps</param>
                            <param id="1" name="Value">MadeSteps+1</param>
                        </action>
                        <action id="4" name="Set animation" sid="242534873276405" type="Blue">
                            <param id="0" name="Animation">&quot;Default&quot;</param>
                            <param id="1" name="From">1</param>
                        </action>
                    </actions>
                </event-block>
                <event-block sid="759922634013136">
                    <conditions>
                        <condition id="17" name="On tap object" sid="487879451034632" type="Touch">
                            <param id="0" name="Object">Yellow</param>
                        </condition>
                    </conditions>
                    <actions>
                        <action id="5" name="Push" sid="940718306247231" type="UserArray">
                            <param id="0" name="Where">0</param>
                            <param id="1" name="Value">3</param>
                            <param id="2" name="Axis">0</param>
                        </action>
                        <action id="-9" name="Set value" sid="262160653560292" type="System">
                            <param id="0" name="Variable">MadeSteps</param>
                            <param id="1" name="Value">MadeSteps+1</param>
                        </action>
                        <action id="4" name="Set animation" sid="415151725372432" type="Yellow">
                            <param id="0" name="Animation">&quot;Default&quot;</param>
                            <param id="1" name="From">1</param>
                        </action>
                    </actions>
                </event-block>
                <event-block sid="975060811746426">
                    <conditions>
                        <condition id="-14" name="Compare variable" sid="410371248460313" type="System">
                            <param id="0" name="Variable">MadeSteps</param>
                            <param id="1" name="Comparison">4</param>
                            <param id="2" name="Value">0</param>
                        </condition>
                    </conditions>
                    <actions />
                    <sub-events>
                        <event-block sid="904597187867340">
                            <conditions>
                                <condition id="-8" name="Compare two values" sid="523341562956446" type="System">
                                    <param id="0" name="First value">UserArray.At(MadeSteps-1)</param>
                                    <param id="1" name="Comparison">1</param>
                                    <param id="2" name="Second value">GameArray.At(MadeSteps-1)</param>
                                </condition>
                            </conditions>
                            <actions>
                                <action id="0" name="Set text" sid="415028112729226" type="Text">
                                    <param id="0" name="Text">&quot;Game Over&quot;</param>
                                </action>
                                <action id="-9" name="Set value" sid="355158322764375" type="System">
                                    <param id="0" name="Variable">Steps</param>
                                    <param id="1" name="Value">1</param>
                                </action>
                                <action id="0" name="Set text" sid="817836419423067" type="Text1">
                                    <param id="0" name="Text">Steps</param>
                                </action>
                                <action id="-9" name="Set value" sid="169543686818131" type="System">
                                    <param id="0" name="Variable">ShowSteps</param>
                                    <param id="1" name="Value">Steps</param>
                                </action>
                                <action id="0" name="Set text" sid="283326150865857" type="Text">
                                    <param id="0" name="Text">&quot;&quot;</param>
                                </action>
                                <action id="1" name="Set size" sid="778015267529590" type="GameArray">
                                    <param id="0" name="Width">0</param>
                                    <param id="1" name="Height">1</param>
                                    <param id="2" name="Depth">1</param>
                                </action>
                                <action id="5" name="Push" sid="386556922980140" type="GameArray">
                                    <param id="0" name="Where">0</param>
                                    <param id="1" name="Value">floor(random(4))</param>
                                    <param id="2" name="Axis">0</param>
                                </action>
                                <action id="1" name="Set size" sid="408652923488482" type="UserArray">
                                    <param id="0" name="Width">0</param>
                                    <param id="1" name="Height">1</param>
                                    <param id="2" name="Depth">1</param>
                                </action>
                            </actions>
                        </event-block>
                    </sub-events>
                </event-block>
            </sub-events>
        </event-block>
        <event-block sid="302669929141471">
            <conditions>
                <condition id="-14" name="Compare variable" sid="388725843858434" type="System">
                    <param id="0" name="Variable">MadeSteps</param>
                    <param id="1" name="Comparison">0</param>
                    <param id="2" name="Value">Steps</param>
                </condition>
                <condition id="-14" name="Compare variable" sid="352198544807613" type="System">
                    <param id="0" name="Variable">Steps</param>
                    <param id="1" name="Comparison">4</param>
                    <param id="2" name="Value">0</param>
                </condition>
            </conditions>
            <actions>
                <action id="-9" name="Set value" sid="105050755895927" type="System">
                    <param id="0" name="Variable">Steps</param>
                    <param id="1" name="Value">Steps+1</param>
                </action>
                <action id="5" name="Push" sid="709673767083298" type="GameArray">
                    <param id="0" name="Where">0</param>
                    <param id="1" name="Value">floor(random(4))</param>
                    <param id="2" name="Axis">0</param>
                </action>
                <action id="-9" name="Set value" sid="747944520158052" type="System">
                    <param id="0" name="Variable">ShowSteps</param>
                    <param id="1" name="Value">Steps</param>
                </action>
                <action id="0" name="Set text" sid="300123450508250" type="Text1">
                    <param id="0" name="Text">Steps</param>
                </action>
                <action id="-9" name="Set value" sid="164127505209596" type="System">
                    <param id="0" name="Variable">MadeSteps</param>
                    <param id="1" name="Value">0</param>
                </action>
                <action id="1" name="Set size" sid="956577330458327" type="UserArray">
                    <param id="0" name="Width">0</param>
                    <param id="1" name="Height">1</param>
                    <param id="2" name="Depth">1</param>
                </action>
            </actions>
            <sub-events>
                <event-block sid="828984399998253">
                    <conditions>
                        <condition id="3" name="For each element" sid="959112338806269" type="GameArray">
                            <param id="0" name="Axes">2</param>
                        </condition>
                    </conditions>
                    <actions>
                        <action id="5" name="Push" sid="610313932663034" type="ShowArray">
                            <param id="0" name="Where">0</param>
                            <param id="1" name="Value">GameArray.CurValue</param>
                            <param id="2" name="Axis">0</param>
                        </action>
                    </actions>
                </event-block>
            </sub-events>
        </event-block>
        <event-block sid="426671880646270">
            <conditions>
                <condition id="-14" name="Compare variable" sid="446523189706873" type="System">
                    <param id="0" name="Variable">ShowSteps</param>
                    <param id="1" name="Comparison">0</param>
                    <param id="2" name="Value">0</param>
                </condition>
            </conditions>
            <actions>
                <action id="1" name="Set size" sid="837320820729604" type="UserArray">
                    <param id="0" name="Width">0</param>
                    <param id="1" name="Height">1</param>
                    <param id="2" name="Depth">1</param>
                </action>
                <action id="1" name="Set size" sid="407929241166413" type="ShowArray">
                    <param id="0" name="Width">0</param>
                    <param id="1" name="Height">1</param>
                    <param id="2" name="Depth">1</param>
                </action>
            </actions>
        </event-block>
    </events>
</c2eventsheet>
